{
    "Q1": {
        "Flink": [
            6.8299,
            0.03928982056461957,
            5.6625000000000005,
            0.02957786334406185
        ],
        "Rust": [
            3.2751000000000006,
            0.014397569239284789,
            2.7741,
            0.012660568707605544
        ],
        "FlinkOpt": [
            6.8375,
            0.04230425510513114,
            5.6625000000000005,
            0.02957786334406185
        ],
        "RustOpt": [
            3.2704999999999997,
            0.014780054127099864,
            2.7741,
            0.012660568707605544
        ]
    },
    "Q2": {
        "Flink": [
            5.6054,
            0.02382099913941475,
            5.6625000000000005,
            0.02957786334406185
        ],
        "Rust": [
            2.8248999999999995,
            0.009027181176867983,
            2.7741,
            0.012660568707605544
        ],
        "FlinkOpt": [
            5.716900000000001,
            0.03664000545851497,
            5.6625000000000005,
            0.02957786334406185
        ],
        "RustOpt": [
            2.8124000000000002,
            0.009178235124466975,
            2.7741,
            0.012660568707605544
        ]
    },
    "Q3": {
        "Flink": [
            20.6179,
            0.2632544206656364,
            8.5119,
            0.026299999999999994
        ],
        "Rust": [
            7.801599999999999,
            0.025444842306447883,
            4.6914,
            0.026077576574521002
        ],
        "FlinkOpt": [
            9.438099999999999,
            0.14085982393855237,
            8.5119,
            0.026299999999999994
        ],
        "RustOpt": [
            5.3172,
            0.021131966306995646,
            4.6914,
            0.026077576574521002
        ]
    },
    "Q4": {
        "Flink": [
            19.7632,
            0.1585192732761541,
            5.5762,
            0.02478628653106395
        ],
        "Rust": [
            7.5954,
            0.02688940311721335,
            2.9171,
            0.010435037134576977
        ],
        "FlinkOpt": [
            11.5295,
            0.06417826734962549,
            5.5762,
            0.02478628653106395
        ],
        "RustOpt": [
            5.9909,
            0.027208270801357362,
            2.9171,
            0.010435037134576977
        ]
    },
    "Q5": {
        "Flink": [
            11.444399999999998,
            0.11826935359593366,
            5.6625000000000005,
            0.02957786334406185
        ],
        "Rust": [
            5.3804,
            0.007059745037889008,
            2.7741,
            0.012660568707605544
        ],
        "FlinkOpt": [
            10.132200000000001,
            0.23062038071254676,
            5.6625000000000005,
            0.02957786334406185
        ],
        "RustOpt": [
            4.888599999999999,
            0.01731588865753078,
            2.7741,
            0.012660568707605544
        ]
    },
    "Q6": {
        "Flink": [
            13.4802,
            0.15487724171097572,
            5.5762,
            0.02478628653106395
        ],
        "Rust": [
            5.899900000000001,
            0.01201207725582888,
            2.9171,
            0.010435037134576977
        ],
        "FlinkOpt": [
            11.5547,
            0.09203374381171298,
            5.5762,
            0.02478628653106395
        ],
        "RustOpt": [
            5.7142,
            0.033450859480736804,
            2.9171,
            0.010435037134576977
        ]
    },
    "Q7": {
        "Flink": [
            7.2839,
            0.03883155933000893,
            5.6625000000000005,
            0.02957786334406185
        ],
        "Rust": [
            4.436999999999999,
            0.02029778313018448,
            2.7741,
            0.012660568707605544
        ],
        "FlinkOpt": [
            6.7378,
            0.028554509276119702,
            5.6625000000000005,
            0.02957786334406185
        ],
        "RustOpt": [
            4.431,
            0.025837956575549825,
            2.7741,
            0.012660568707605544
        ]
    },
    "Q8": {
        "Flink": [
            15.168300000000002,
            0.14463267265732188,
            8.5119,
            0.026299999999999994
        ],
        "Rust": [
            8.5865,
            0.028295759399598986,
            4.6914,
            0.026077576574521002
        ],
        "FlinkOpt": [
            10.8365,
            0.09950602996803759,
            8.5119,
            0.026299999999999994
        ],
        "RustOpt": [
            7.1530000000000005,
            0.028975852015083348,
            4.6914,
            0.026077576574521002
        ]
    }
}
