{
    "Size 100": {
        "Flink": [
            7.0702,
            0.13128351000792146,
            5.6625000000000005,
            0.02957786334406185
        ],
        "Rust": [
            2.855,
            0.02231591360442135,
            2.7741,
            0.012660568707605544
        ],
        "FlinkOpt": [
            7.0251,
            0.05091060793194283,
            5.6625000000000005,
            0.02957786334406185
        ],
        "RustOpt": [
            2.8442999999999996,
            0.014014635207525033,
            2.7741,
            0.012660568707605544
        ]
    },
    "Size 1000": {
        "Flink": [
            7.0342,
            0.023168081491569355,
            5.6625000000000005,
            0.02957786334406185
        ],
        "Rust": [
            2.9625000000000004,
            0.012355160864998868,
            2.7741,
            0.012660568707605544
        ],
        "FlinkOpt": [
            6.9858,
            0.03254166559965845,
            5.6625000000000005,
            0.02957786334406185
        ],
        "RustOpt": [
            2.8478000000000003,
            0.009282241108697844,
            2.7741,
            0.012660568707605544
        ]
    },
    "Size 10000": {
        "Flink": [
            43.752599999999994,
            0.1294196275686194,
            5.6625000000000005,
            0.02957786334406185
        ],
        "Rust": [
            4.5,
            0.0808999381952793,
            2.7741,
            0.012660568707605544
        ],
        "FlinkOpt": [
            40.073800000000006,
            0.22193323320314085,
            5.6625000000000005,
            0.02957786334406185
        ],
        "RustOpt": [
            2.8513,
            0.008391066678319252,
            2.7741,
            0.012660568707605544
        ]
    },
    "Size 100000": {
        "Flink": [
            "Timeout",
            "N/A",
            5.6625000000000005,
            0.02957786334406185
        ],
        "Rust": [
            31.0423,
            0.7010517883865648,
            2.7741,
            0.012660568707605544
        ],
        "FlinkOpt": [
            "Timeout",
            "N/A",
            5.6625000000000005,
            0.02957786334406185
        ],
        "RustOpt": [
            2.9040999999999997,
            0.011911758896149665,
            2.7741,
            0.012660568707605544
        ]
    }
}
